Geely Monjaro,  $25700  2196836сом  ,https://im.mashina.kg/tachka/images//f/9/f/f9f39ac598cce0d93fda0958665dbff3_240x180.jpg
Genesis G90,  $37000  3162760сом  ,https://im.mashina.kg/tachka/images//2/f/4/2f46bc9f5c7b7bcc74c4774399128c0d_240x180.jpg
Mercedes-Benz G-Класс AMG,  $245000  20942600сом  ,https://im.mashina.kg/tachka/images//5/a/4/5a4caf7638a2c6bd045196a80638e610_240x180.jpg
BMW 5 серии,  $52000  4444960сом  ,https://im.mashina.kg/tachka/images//7/1/5/7151458eba23d3ccc12bc52243fafba6_240x180.jpg
Toyota Highlander,  $34900  2983252сом  ,https://im.mashina.kg/tachka/images//6/e/8/6e80d041c5c5cede4a07b341e33ad03e_240x180.jpg
Lexus GX,  $77000  6581960сом  ,https://im.mashina.kg/tachka/images//b/0/3/b0370edf652694a6b6f2b8ab0b7480bb_240x180.jpg
Kia Sportage,  $16600  1418968сом  ,https://im.mashina.kg/tachka/images//e/f/9/ef9f044dcde5d0b92f9e0d257dc4d4ad_240x180.jpg
Lexus ES,  $22500  1923300сом  ,https://im.mashina.kg/tachka/images//3/6/b/36b3078495b380fa4fd2642919402869_240x180.jpg
Lexus RX,  $53500  4573180сом  ,https://im.mashina.kg/tachka/images//a/5/4/a54ed0f77fffed2a6327475fdbeccd83_240x180.jpg
Mitsubishi RVR,  $5200  444496сом  ,https://im.mashina.kg/tachka/images//7/4/8/7484760e4a9a283c118eaff6c633a3d1_240x180.jpg
Hyundai Tucson,  $15800  1350584сом  ,https://im.mashina.kg/tachka/images//4/d/0/4d0bb8e55ee0e808eeb86cfc4d229b62_240x180.jpg
BMW X5,  $66000  5641680сом  ,https://im.mashina.kg/tachka/images//3/b/1/3b17419a4820b9c676472dc006572484_240x180.jpg
Lexus GX,  $30000  2564400сом  ,https://im.mashina.kg/tachka/images//4/2/4/4244c9471a3ea7637a462d9c4eee6d0b_240x180.jpg
BMW 5 серии,  $30400  2598592сом  ,https://im.mashina.kg/tachka/images//1/7/5/175c9b241230c6322e67a14b768bdd52_240x180.jpg
Kia Seltos,  $17000  1453160сом  ,https://im.mashina.kg/tachka/images//d/6/d/d6d24d9fe0a13ce0a9d4b4c63140cd8c_240x180.jpg
BMW X7,  $170000  15300000сом  ,https://im.mashina.kg/tachka/images//6/f/5/6f54fec2873022b69a7e85b1a507fd4d_240x180.jpg
Lexus ES,  $53000  4770000сом  ,https://im.mashina.kg/tachka/images//6/0/d/60d001e5ec8693d40d0602d43e0eebcb_240x180.jpg
Lexus LX,  $145000  13050000сом  ,https://im.mashina.kg/tachka/images//5/0/5/50583174b5aa5ba1beef0f8c43f864cb_240x180.jpg
Hyundai Grandeur,  $16999  1453075сом  ,https://im.mashina.kg/tachka/images//e/0/6/e066401f5c8afe33f17198877d6b1acb_240x180.jpg
Jetour X70 PLUS,  $19200  1641216сом  ,https://im.mashina.kg/tachka/images//b/0/4/b0414c033c4266bf18cd2d7199db8bfd_240x180.jpg
Geely Monjaro,  $25700  2196836сом  ,https://im.mashina.kg/tachka/images//f/9/f/f9f39ac598cce0d93fda0958665dbff3_240x180.jpg
Genesis G90,  $37000  3162760сом  ,https://im.mashina.kg/tachka/images//2/f/4/2f46bc9f5c7b7bcc74c4774399128c0d_240x180.jpg
Mercedes-Benz G-Класс AMG,  $245000  20942600сом  ,https://im.mashina.kg/tachka/images//5/a/4/5a4caf7638a2c6bd045196a80638e610_240x180.jpg
BMW 5 серии,  $52000  4444960сом  ,https://im.mashina.kg/tachka/images//7/1/5/7151458eba23d3ccc12bc52243fafba6_240x180.jpg
Toyota Highlander,  $34900  2983252сом  ,https://im.mashina.kg/tachka/images//6/e/8/6e80d041c5c5cede4a07b341e33ad03e_240x180.jpg
Lexus GX,  $77000  6581960сом  ,https://im.mashina.kg/tachka/images//b/0/3/b0370edf652694a6b6f2b8ab0b7480bb_240x180.jpg
Kia Sportage,  $16600  1418968сом  ,https://im.mashina.kg/tachka/images//e/f/9/ef9f044dcde5d0b92f9e0d257dc4d4ad_240x180.jpg
Lexus ES,  $22500  1923300сом  ,https://im.mashina.kg/tachka/images//3/6/b/36b3078495b380fa4fd2642919402869_240x180.jpg
Lexus RX,  $53500  4573180сом  ,https://im.mashina.kg/tachka/images//a/5/4/a54ed0f77fffed2a6327475fdbeccd83_240x180.jpg
Mitsubishi RVR,  $5200  444496сом  ,https://im.mashina.kg/tachka/images//7/4/8/7484760e4a9a283c118eaff6c633a3d1_240x180.jpg
Hyundai Tucson,  $15800  1350584сом  ,https://im.mashina.kg/tachka/images//4/d/0/4d0bb8e55ee0e808eeb86cfc4d229b62_240x180.jpg
BMW X5,  $66000  5641680сом  ,https://im.mashina.kg/tachka/images//3/b/1/3b17419a4820b9c676472dc006572484_240x180.jpg
Lexus GX,  $30000  2564400сом  ,https://im.mashina.kg/tachka/images//4/2/4/4244c9471a3ea7637a462d9c4eee6d0b_240x180.jpg
BMW 5 серии,  $30400  2598592сом  ,https://im.mashina.kg/tachka/images//1/7/5/175c9b241230c6322e67a14b768bdd52_240x180.jpg
Kia Seltos,  $17000  1453160сом  ,https://im.mashina.kg/tachka/images//d/6/d/d6d24d9fe0a13ce0a9d4b4c63140cd8c_240x180.jpg
BMW X7,  $170000  15300000сом  ,https://im.mashina.kg/tachka/images//6/f/5/6f54fec2873022b69a7e85b1a507fd4d_240x180.jpg
Lexus ES,  $53000  4770000сом  ,https://im.mashina.kg/tachka/images//6/0/d/60d001e5ec8693d40d0602d43e0eebcb_240x180.jpg
Lexus LX,  $145000  13050000сом  ,https://im.mashina.kg/tachka/images//5/0/5/50583174b5aa5ba1beef0f8c43f864cb_240x180.jpg
Hyundai Grandeur,  $16999  1453075сом  ,https://im.mashina.kg/tachka/images//e/0/6/e066401f5c8afe33f17198877d6b1acb_240x180.jpg
Jetour X70 PLUS,  $19200  1641216сом  ,https://im.mashina.kg/tachka/images//b/0/4/b0414c033c4266bf18cd2d7199db8bfd_240x180.jpg
Geely Monjaro,  $25700  2196836сом  ,https://im.mashina.kg/tachka/images//f/9/f/f9f39ac598cce0d93fda0958665dbff3_240x180.jpg
Genesis G90,  $37000  3162760сом  ,https://im.mashina.kg/tachka/images//2/f/4/2f46bc9f5c7b7bcc74c4774399128c0d_240x180.jpg
Mercedes-Benz G-Класс AMG,  $245000  20942600сом  ,https://im.mashina.kg/tachka/images//5/a/4/5a4caf7638a2c6bd045196a80638e610_240x180.jpg
BMW 5 серии,  $52000  4444960сом  ,https://im.mashina.kg/tachka/images//7/1/5/7151458eba23d3ccc12bc52243fafba6_240x180.jpg
Toyota Highlander,  $34900  2983252сом  ,https://im.mashina.kg/tachka/images//6/e/8/6e80d041c5c5cede4a07b341e33ad03e_240x180.jpg
Lexus GX,  $77000  6581960сом  ,https://im.mashina.kg/tachka/images//b/0/3/b0370edf652694a6b6f2b8ab0b7480bb_240x180.jpg
Kia Sportage,  $16600  1418968сом  ,https://im.mashina.kg/tachka/images//e/f/9/ef9f044dcde5d0b92f9e0d257dc4d4ad_240x180.jpg
Lexus ES,  $22500  1923300сом  ,https://im.mashina.kg/tachka/images//3/6/b/36b3078495b380fa4fd2642919402869_240x180.jpg
Lexus RX,  $53500  4573180сом  ,https://im.mashina.kg/tachka/images//a/5/4/a54ed0f77fffed2a6327475fdbeccd83_240x180.jpg
Mitsubishi RVR,  $5200  444496сом  ,https://im.mashina.kg/tachka/images//7/4/8/7484760e4a9a283c118eaff6c633a3d1_240x180.jpg
Hyundai Tucson,  $15800  1350584сом  ,https://im.mashina.kg/tachka/images//4/d/0/4d0bb8e55ee0e808eeb86cfc4d229b62_240x180.jpg
BMW X5,  $66000  5641680сом  ,https://im.mashina.kg/tachka/images//3/b/1/3b17419a4820b9c676472dc006572484_240x180.jpg
Lexus GX,  $30000  2564400сом  ,https://im.mashina.kg/tachka/images//4/2/4/4244c9471a3ea7637a462d9c4eee6d0b_240x180.jpg
BMW 5 серии,  $30400  2598592сом  ,https://im.mashina.kg/tachka/images//1/7/5/175c9b241230c6322e67a14b768bdd52_240x180.jpg
Kia Seltos,  $17000  1453160сом  ,https://im.mashina.kg/tachka/images//d/6/d/d6d24d9fe0a13ce0a9d4b4c63140cd8c_240x180.jpg
BMW X7,  $170000  15300000сом  ,https://im.mashina.kg/tachka/images//6/f/5/6f54fec2873022b69a7e85b1a507fd4d_240x180.jpg
Lexus ES,  $53000  4770000сом  ,https://im.mashina.kg/tachka/images//6/0/d/60d001e5ec8693d40d0602d43e0eebcb_240x180.jpg
Lexus LX,  $145000  13050000сом  ,https://im.mashina.kg/tachka/images//5/0/5/50583174b5aa5ba1beef0f8c43f864cb_240x180.jpg
Hyundai Grandeur,  $16999  1453075сом  ,https://im.mashina.kg/tachka/images//e/0/6/e066401f5c8afe33f17198877d6b1acb_240x180.jpg
Jetour X70 PLUS,  $19200  1641216сом  ,https://im.mashina.kg/tachka/images//b/0/4/b0414c033c4266bf18cd2d7199db8bfd_240x180.jpg
Jetour Dashing,  $19300  1649764сом  ,https://im.mashina.kg/tachka/images//0/f/5/0f572bf338aef21cfdb978b995462ada_240x180.jpg
Kia Seltos,   $ 11900    $ 10800   ,https://im.mashina.kg/tachka/images//c/3/7/c37b7f0cc09db2c1983618dd8e51fdde_240x180.jpg
Mercedes-Benz S-Класс,  $49000  4188520сом  ,https://im.mashina.kg/tachka/images//3/9/2/3922a548bab294e5679fe9c6f46ab9c9_240x180.jpg
Toyota Prius,  $16500  1410420сом  ,https://im.mashina.kg/tachka/images//3/9/4/3943d27ff71e77fc9e93f780cdabfe96_240x180.jpg
Chevrolet Equinox,  $18800  1607024сом  ,https://im.mashina.kg/tachka/images//6/4/0/640e78805194a12ee8f7832b7f0f5708_240x180.jpg
Toyota Camry,  $36400  3111472сом  ,https://im.mashina.kg/tachka/images//2/8/5/28585c78bb77b282b44f6dd144141441_240x180.jpg
Toyota Land Cruiser,  $36000  3077280сом  ,https://im.mashina.kg/tachka/images//0/7/3/073741cdee90fb19fecad4a94ffffb74_240x180.jpg
Land Rover Range Rover,  $95000  8120600сом  ,https://im.mashina.kg/tachka/images//5/d/2/5d2fe332317cef986d6c903edbd4c836_240x180.jpg
Toyota Camry,  $35000  2991800сом  ,https://im.mashina.kg/tachka/images//4/c/9/4c98b713fb290d3f4062fc28ef1303cb_240x180.jpg
Land Rover Range Rover,  $26000  2222480сом  ,https://im.mashina.kg/tachka/images//3/4/b/34b1e4bb1871e25a969c3b3e34fe8e4e_240x180.jpg
Land Rover Range Rover,  $18500  1581380сом  ,https://im.mashina.kg/tachka/images//4/f/8/4f8e774d4125fa02b60386e51be8d0fb_240x180.jpg
BMW X5,  $36800  3145664сом  ,https://im.mashina.kg/tachka/images//0/f/2/0f2d0e4b7f28137ad091189d0c6ee8d7_240x180.jpg
Hyundai Palisade,  $32000  2735360сом  ,https://im.mashina.kg/tachka/images//e/5/a/e5a71c1de7a326e695c2fa0225b03c69_240x180.jpg
Kia K5 III Седан,  $23500  2008780сом  ,https://im.mashina.kg/tachka/images//f/5/5/f558288d45339cf1eed0945fbcc76fcc_240x180.jpg
BMW 5 серии,  $49000  4188520сом  ,https://im.mashina.kg/tachka/images//9/9/1/991fb5b2e468a39519fd055e9b5fd606_240x180.jpg
SsangYong Rexton Sports,  $32900  2812292сом  ,https://im.mashina.kg/tachka/images//9/8/2/982d066a517dbd75b327293ba4ddb74d_240x180.jpg
Subaru Legacy,  $17700  1512996сом  ,https://im.mashina.kg/tachka/images//3/8/8/38845442639a6f26486c85be849cba4a_240x180.jpg
Mercedes-Benz E-Класс,  $19500  1666860сом  ,https://im.mashina.kg/tachka/images//e/0/1/e01ba5f7e9b8b45c18ca961a5ab8ddae_240x180.jpg
Mercedes-Benz GLE,  $71900  6146012сом  ,https://im.mashina.kg/tachka/images//2/2/1/2210317deae23918427bafe69a5c0588_240x180.jpg
Lexus GX,  $94500  8077860сом  ,https://im.mashina.kg/tachka/images//9/c/8/9c82a8907ad5d062562aaa0fdc66e063_240x180.jpg
BMW 7 серии,  $14500  1239460сом  ,https://im.mashina.kg/tachka/images//6/2/7/62783f165eb6b6c5ce8d43a7c3150aea_240x180.jpg
Jeep Grand Cherokee SRT8,  $33000  2820840сом  ,https://im.mashina.kg/tachka/images//4/e/2/4e23039aa0429e35c7deff7eda0c8816_240x180.jpg
BMW M5,  $111000  9488280сом  ,https://im.mashina.kg/tachka/images//c/f/b/cfb68e84ed6893ef436f0f8092c10ce8_240x180.jpg
BMW X5,  $35000  2991800сом  ,https://im.mashina.kg/tachka/images//1/9/5/1954f52e3db2dfcb2c5ad64b9eb3303e_240x180.jpg
Lexus IS,  $20900  1786532сом  ,https://im.mashina.kg/tachka/images//e/1/e/e1e84202809188b1d8e0ae6c49ebe41f_240x180.jpg
Toyota RAV4,  $18900  1615572сом  ,https://im.mashina.kg/tachka/images//a/8/2/a82a20ca41df2d82e7c4a5fbed324f2b_240x180.jpg
Toyota Land Cruiser,  $91245  7799623сом  ,https://im.mashina.kg/tachka/images//5/3/d/53d2242ef7f20e9bc60fdc72b2e03fc5_240x180.jpg
Lexus LX,  $44000  3761120сом  ,https://im.mashina.kg/tachka/images//4/4/9/44900f5b00f8b5c6b3a21422a45f38c9_240x180.jpg
Lexus RX,  $50000  4500000сом  ,https://im.mashina.kg/tachka/images//d/3/4/d34b1c7240dca6824fcbedb424bac03d_240x180.jpg
BMW X5,  $32500  2778100сом  ,https://im.mashina.kg/tachka/images//5/4/3/5436127ee859c28b9a45826a216236a3_240x180.jpg
BMW X5,  $52000  4444960сом  ,https://im.mashina.kg/tachka/images//0/6/c/06c7368d7ad8c88ce3144ef9b02fda09_240x180.jpg
Kia K5 II Седан,  $16800  1436064сом  ,https://im.mashina.kg/tachka/images//e/5/4/e54ed5a834bed54d901e1ab500292399_240x180.jpg
Mercedes-Benz C-Класс AMG,  $65000  5556200сом  ,https://im.mashina.kg/tachka/images//c/7/5/c75033014a4626e9b051361d39300819_240x180.jpg
Jetour Traveller,  $30000  2564400сом  ,https://im.mashina.kg/tachka/images//6/b/7/6b70f5622e3b661fe1ec05b3dda5e3cf_240x180.jpg
Ford Mustang,  $32000  2735360сом  ,https://im.mashina.kg/tachka/images//5/d/1/5d1a525b907f8f203993b515a1651f5f_240x180.jpg
Kia Carnival,  $33700  2880676сом  ,https://im.mashina.kg/tachka/images//e/3/1/e317d65dc402bddd50ec79d180ffff8a_240x180.jpg
Mercedes-Benz GL-Класс,  $19000  1624120сом  ,https://im.mashina.kg/tachka/images//4/d/e/4ded8eef2ea4ad4e1aed7e6e99bd924e_240x180.jpg
Lexus ES,  $32000  2735360сом  ,https://im.mashina.kg/tachka/images//a/0/a/a0a4090c0dc0197c5ad834fb953efe83_240x180.jpg
Lexus LX,  $85000  7265800сом  ,https://im.mashina.kg/tachka/images//9/0/f/90fd3c256b8c966975e950c93cb42d63_240x180.jpg
Wuling Xingchi,  $15000  1282200сом  ,https://im.mashina.kg/tachka/images//b/5/d/b5ddc0bf0a31b6b8272863177f13c78f_240x180.jpg
Toyota Land Cruiser,  $53000  4530440сом  ,https://im.mashina.kg/tachka/images//c/a/0/ca004042cc8b803d3472e1175be0f420_240x180.jpg
BMW 4 серии,  $24500  2094260сом  ,https://im.mashina.kg/tachka/images//3/4/9/3497b20333c1d7df8489496bc62e79c5_240x180.jpg
Kia Morning,  $8400  718032сом  ,https://im.mashina.kg/tachka/images//6/5/2/652af91d374c6187b45323fa02ea5a82_240x180.jpg
Land Rover Range Rover,  $110000  9402800сом  ,https://im.mashina.kg/tachka/images//c/4/b/c4b77884c9ca4489394b31c3c3693056_240x180.jpg
Land Rover Range Rover,  $88000  7522240сом  ,https://im.mashina.kg/tachka/images//7/8/7/787120435a8baa8a4b475d9a4c06b019_240x180.jpg
BMW 5 серии,  $9000  769320сом  ,https://im.mashina.kg/tachka/images//b/3/0/b30a10ac1efe14c66f8278858698d593_240x180.jpg
Lexus IS,  $17500  1495900сом  ,https://im.mashina.kg/tachka/images//7/f/7/7f784f009e7556fec3ad7b1590858a34_240x180.jpg
Renault Samsung SM6,  $12300  1051404сом  ,https://im.mashina.kg/tachka/images//4/7/6/476defa01acfd81e4d68bb5a35089f6a_240x180.jpg
Hyundai Grandeur,  $42000  3590160сом  ,https://im.mashina.kg/tachka/images//2/0/7/20713a11a3e5213fddb550eb2d2c53b0_240x180.jpg
Land Rover Range Rover Sport,  $65000  5556200сом  ,https://im.mashina.kg/tachka/images//0/c/d/0cdad9d3a5ea854db3b59ee3b0350940_240x180.jpg
Lexus ES,  $30000  2564400сом  ,https://im.mashina.kg/tachka/images//a/1/c/a1c226bb7fe2c14991a3c67ca4094ce7_240x180.jpg
Land Rover Range Rover Sport,  $38000  3248240сом  ,https://im.mashina.kg/tachka/images//7/2/0/7207db8d365522171480fbdb272fb6ce_240x180.jpg
Ford Maverick,  $7900  675292сом  ,https://im.mashina.kg/tachka/images//4/8/3/483db9cb0bc8753eafaa0339ef72c911_240x180.jpg
BMW 5 серии,  $23950  2047246сом  ,https://im.mashina.kg/tachka/images//4/2/3/423f7dd999e8675dffc8e7dbb2593d93_240x180.jpg
BMW X6 M,  $35000  2991800сом  ,https://im.mashina.kg/tachka/images//d/2/7/d278b36e3047d00727b344e528ea8aac_240x180.jpg
Dodge Challenger,  $75000  6411000сом  ,https://im.mashina.kg/tachka/images//0/1/8/0182b61e3f4d8a420339c7208e6de850_240x180.jpg
Ford F-150,  $78000  6667440сом  ,https://im.mashina.kg/tachka/images//b/7/f/b7fa1462e84432a7c84276adfacbc42c_240x180.jpg
Land Rover Range Rover,  $118000  10086640сом  ,https://im.mashina.kg/tachka/images//e/8/3/e83eb2e6ccaafc7a6ac9ad4c054a0f9e_240x180.jpg
Lexus LX,  $110000  9402800сом  ,https://im.mashina.kg/tachka/images//5/c/1/5c144bd2a136e91eb0fca770b95a0308_240x180.jpg
Kia Stinger,  $23500  2008780сом  ,https://im.mashina.kg/tachka/images//7/6/f/76fd3a9d4e5dd39b5617a240b6d78f88_240x180.jpg
Land Rover Range Rover,  $38000  3248240сом  ,https://im.mashina.kg/tachka/images//b/4/4/b449ac32049af155b9ba64fe495afaed_240x180.jpg
Lexus GX,  $45000  3846600сом  ,https://im.mashina.kg/tachka/images//f/c/4/fc42cbdc3a47ca0ca6d63d148081368b_240x180.jpg
BMW X5,  $10400  888992сом  ,https://im.mashina.kg/tachka/images//e/a/9/ea9310c24147539b53e7dd8f953c2ac7_240x180.jpg
Kia Optima,  $12800  1094144сом  ,https://im.mashina.kg/tachka/images//f/c/3/fc31e33fdd3246af3a2a717928b580bb_240x180.jpg
Lexus RX,  $47800  4085944сом  ,https://im.mashina.kg/tachka/images//b/b/9/bb947978e544a982676b3280414d080b_240x180.jpg
Toyota Land Cruiser,  $37000  3162760сом  ,https://im.mashina.kg/tachka/images//a/3/f/a3f45bfb3389ccc3e842293df4a624f4_240x180.jpg
Toyota Land Cruiser,  $24000  2051520сом  ,https://im.mashina.kg/tachka/images//a/d/2/ad2e69f247994e0f8e7c188ade813d1b_240x180.jpg
Lexus GX,  $26800  2290864сом  ,https://im.mashina.kg/tachka/images//5/f/7/5f784adac6d8f4c514d98bd92b4e2cd4_240x180.jpg
Toyota Camry,  $23000  1966040сом  ,https://im.mashina.kg/tachka/images//e/3/3/e33af93f1978a19cf6ed5f7387e3c4d6_240x180.jpg
BMW 7 серии,  $82000  7009360сом  ,https://im.mashina.kg/tachka/images//e/6/2/e62ba4fe8862d340b953928b2126b843_240x180.jpg
Land Rover Range Rover,  $44000  3761120сом  ,https://im.mashina.kg/tachka/images//7/2/7/727b29734928a31f31059259f05285b3_240x180.jpg
Kia Sorento,  $17000  1453160сом  ,https://im.mashina.kg/tachka/images//b/9/a/b9a19c1f72c78104edcae54ef37cf479_240x180.jpg
Kia Sorento,  $21000  1795080сом  ,https://im.mashina.kg/tachka/images//e/2/7/e2725b238d4895a98eb93b90b09958f7_240x180.jpg
Kia Sportage,  $16000  1367680сом  ,https://im.mashina.kg/tachka/images//8/5/9/859cf4ace9f9ff6434f97849bfb2019b_240x180.jpg
Kia Sportage,  $16500  1410420сом  ,https://im.mashina.kg/tachka/images//2/6/7/2674870c98eab50a5e332e8a2395a335_240x180.jpg
Kia Sportage,  $16000  1367680сом  ,https://im.mashina.kg/tachka/images//e/9/f/e9f97eef6583785f54b2200ee6867241_240x180.jpg
BMW 5 серии,  $59999  5128715сом  ,https://im.mashina.kg/tachka/images//a/a/f/aaf2124aa0ce6dbb06c3c4ba9b972dd7_240x180.jpg
Lexus RX,  $47000  4017560сом  ,https://im.mashina.kg/tachka/images//e/c/2/ec26d1456be73c89eb51d3e61dd5efe3_240x180.jpg
Toyota Camry,  $16500  1410420сом  ,https://im.mashina.kg/tachka/images//d/0/4/d042b15b5020b5e6147326562b19fa38_240x180.jpg
Toyota Camry,  $26800  2290864сом  ,https://im.mashina.kg/tachka/images//3/f/2/3f2758514ce1bfbe3445eae12d1dc13b_240x180.jpg
Lexus RX,  $45000  3846600сом  ,https://im.mashina.kg/tachka/images//4/6/f/46fc5199fe865b6721bf35bc5d6fde41_240x180.jpg
Kia K5 III Седан,  $18750  1602750сом  ,https://im.mashina.kg/tachka/images//7/2/5/72534e6eb38836d5b573a7da6dc39c2d_240x180.jpg
Honda Stream,  $8774  750000сом  ,https://im.mashina.kg/tachka/images//f/6/e/f6e47b6b07621ad04020fb8a870ff4d9_240x180.jpg
Mercedes-Benz G-Класс,  $11800  1008664сом  ,https://im.mashina.kg/tachka/images//e/d/2/ed2a3f1b88954a0c6859383f0fe5782d_240x180.jpg
Renault Samsung SM6,  $12000  1025760сом  ,https://im.mashina.kg/tachka/images//3/9/b/39bd992b4ea214a594eeaecc684e6729_240x180.jpg
Mercedes-Benz E-Класс,  $12500  1068500сом  ,https://im.mashina.kg/tachka/images//d/0/8/d08850e3bde823350f63a5653a8ab532_240x180.jpg
BMW X5,  $52800  4513344сом  ,https://im.mashina.kg/tachka/images//6/e/e/6ee4c444a7c03f9818a68c27cf2c3cb7_240x180.jpg
Hyundai Palisade,  $39900  3410652сом  ,https://im.mashina.kg/tachka/images//5/e/b/5eb2f5c1c3e20006997f198ad6b393ec_240x180.jpg
Lexus GX,  $47000  4017560сом  ,https://im.mashina.kg/tachka/images//8/8/8/888f7d76ab362477c5966b62f0758092_240x180.jpg
BMW 5 серии,  $19000  1624120сом  ,https://im.mashina.kg/tachka/images//e/c/3/ec39cb9b336d333911fd3fb907ff3755_240x180.jpg
Toyota Camry,  $20600  1760888сом  ,https://im.mashina.kg/tachka/images//2/0/f/20f8497830b218470913c26eeeaf887e_240x180.jpg
Hyundai Sonata,  $17000  1453160сом  ,https://im.mashina.kg/tachka/images//6/8/d/68d3f95b44fdb08a86a0f343693449c6_240x180.jpg
Lexus LX,  $60000  5128800сом  ,https://im.mashina.kg/tachka/images//1/2/9/12977e4008ccbda65b7e2ec073993bcf_240x180.jpg
Lexus ES,  $35000  2991800сом  ,https://im.mashina.kg/tachka/images//4/c/6/4c6034e8b9dd76d1da93f2cb58dfe157_240x180.jpg
Mercedes-Benz Metris,  $24500  2094260сом  ,https://im.mashina.kg/tachka/images//2/5/c/25c39cc27c58903e8e882cd81179f523_240x180.jpg
Volkswagen Passat,  $12500  1125000сом  ,https://im.mashina.kg/tachka/images//3/4/3/343e0fa5f838dfc72b868b93a5829544_240x180.jpg
Lexus LX,  $175000  14959000сом  ,https://im.mashina.kg/tachka/images//2/e/f/2efdcaa18b6cd3d2146d1cfa468aa632_240x180.jpg
Kia K5 III Седан,  $17800  1521544сом  ,https://im.mashina.kg/tachka/images//0/9/e/09ed0f851e4b65b40e62128a9c4f7359_240x180.jpg
BMW 3 серии,  $26500  2265220сом  ,https://im.mashina.kg/tachka/images//2/d/4/2d41008e22d17df8691679c7c7d2cf4b_240x180.jpg
Dodge RAM,  $49999  4273915сом  ,https://im.mashina.kg/tachka/images//e/2/0/e202ab169de552a0d5e5070c996e5e07_240x180.jpg
Lexus GX,  $82000  7009360сом  ,https://im.mashina.kg/tachka/images//e/3/d/e3da9b48b38555d838311d27a8ea1c99_240x180.jpg
BMW X7,  $90000  7693200сом  ,https://im.mashina.kg/tachka/images//5/7/5/5753fb7b49aa8f3c165334196c729c81_240x180.jpg
Honda CR-V,  $13600  1162528сом  ,https://im.mashina.kg/tachka/images//7/e/3/7e3c849fd96f67b824427b0363befc11_240x180.jpg
Toyota Land Cruiser,  $55000  4701400сом  ,https://im.mashina.kg/tachka/images//a/9/f/a9f55866da2311a36884e2b45073d78b_240x180.jpg
Jaguar XE,  $19000  1624120сом  ,https://im.mashina.kg/tachka/images//5/2/3/523aba81ac9e997127222b010560b523_240x180.jpg
Volvo S60,  $4445  380000сом  ,https://im.mashina.kg/tachka/images//3/9/3/393b30b8ecfc10dc6ef47dfb45967c68_240x180.jpg
Mercedes-Benz E-Класс,  $11200  957376сом  ,https://im.mashina.kg/tachka/images//f/4/e/f4ecc5de7651f3be2b514b3b62a350cc_240x180.jpg
Lexus GX,  $39999  3419115сом  ,https://im.mashina.kg/tachka/images//0/6/8/068bf97c78b39bcc24993aa55261a422_240x180.jpg
Mercedes-Benz S-Класс,  $12200  1042856сом  ,https://im.mashina.kg/tachka/images//8/1/6/816135e4235070a00f6f044579cfa5e1_240x180.jpg
Audi A6,  $18000  1538640сом  ,https://im.mashina.kg/tachka/images//5/5/7/557c29b32ea83b2d40f590099d88ecdd_240x180.jpg
Chevrolet Volt,  $12500  1068500сом  ,https://im.mashina.kg/tachka/images//b/8/1/b8183d952d6754dc15aa0827b66578bb_240x180.jpg
Tesla Model 3,  $30000  2564400сом  ,https://im.mashina.kg/tachka/images//8/d/8/8d85c8c2fb76ae9ced8571928d6067c3_240x180.jpg
BMW M5,  $77000  6581960сом  ,https://im.mashina.kg/tachka/images//3/f/5/3f502fe622084f9a8ab1720d2c447874_240x180.jpg
Toyota Sequoia,  $42000  3590160сом  ,https://im.mashina.kg/tachka/images//e/e/e/eeed3c656077c3a87fcc51e9d8e34c4d_240x180.jpg
Mercedes-Benz S-Класс,  $17400  1487352сом  ,https://im.mashina.kg/tachka/images//1/f/2/1f2499bd95e2d57de1c569807b076791_240x180.jpg
Kia K7,  $18000  1538640сом  ,https://im.mashina.kg/tachka/images//7/a/6/7a6631d183cecf2807f12014ad035a88_240x180.jpg
Hyundai Santa Fe,  $18500  1581380сом  ,https://im.mashina.kg/tachka/images//3/f/7/3f774ff8fec7a3c53470c10547f70006_240x180.jpg
Kia Telluride,  $32000  2735360сом  ,https://im.mashina.kg/tachka/images//6/f/3/6f3602b9eae99b34f42a22522d22652f_240x180.jpg
Honda Fit,  $8900  760772сом  ,https://im.mashina.kg/tachka/images//9/5/b/95bee49e42941d6c8b6d4c2922359c48_240x180.jpg
Lexus LS,  $17000  1453160сом  ,https://im.mashina.kg/tachka/images//3/8/d/38de10120682f1b06921e0fc3ebd08dc_240x180.jpg
Geely Monjaro,  $25700  2196836сом  ,https://im.mashina.kg/tachka/images//f/9/f/f9f39ac598cce0d93fda0958665dbff3_240x180.jpg
Genesis G90,  $37000  3162760сом  ,https://im.mashina.kg/tachka/images//2/f/4/2f46bc9f5c7b7bcc74c4774399128c0d_240x180.jpg
Mercedes-Benz G-Класс AMG,  $245000  20942600сом  ,https://im.mashina.kg/tachka/images//5/a/4/5a4caf7638a2c6bd045196a80638e610_240x180.jpg
BMW 5 серии,  $52000  4444960сом  ,https://im.mashina.kg/tachka/images//7/1/5/7151458eba23d3ccc12bc52243fafba6_240x180.jpg
Toyota Highlander,  $34900  2983252сом  ,https://im.mashina.kg/tachka/images//6/e/8/6e80d041c5c5cede4a07b341e33ad03e_240x180.jpg
Lexus GX,  $77000  6581960сом  ,https://im.mashina.kg/tachka/images//b/0/3/b0370edf652694a6b6f2b8ab0b7480bb_240x180.jpg
Kia Sportage,  $16600  1418968сом  ,https://im.mashina.kg/tachka/images//e/f/9/ef9f044dcde5d0b92f9e0d257dc4d4ad_240x180.jpg
Lexus ES,  $22500  1923300сом  ,https://im.mashina.kg/tachka/images//3/6/b/36b3078495b380fa4fd2642919402869_240x180.jpg
Lexus RX,  $53500  4573180сом  ,https://im.mashina.kg/tachka/images//a/5/4/a54ed0f77fffed2a6327475fdbeccd83_240x180.jpg
Mitsubishi RVR,  $5200  444496сом  ,https://im.mashina.kg/tachka/images//7/4/8/7484760e4a9a283c118eaff6c633a3d1_240x180.jpg
Hyundai Tucson,  $15800  1350584сом  ,https://im.mashina.kg/tachka/images//4/d/0/4d0bb8e55ee0e808eeb86cfc4d229b62_240x180.jpg
BMW X5,  $66000  5641680сом  ,https://im.mashina.kg/tachka/images//3/b/1/3b17419a4820b9c676472dc006572484_240x180.jpg
Lexus GX,  $30000  2564400сом  ,https://im.mashina.kg/tachka/images//4/2/4/4244c9471a3ea7637a462d9c4eee6d0b_240x180.jpg
BMW 5 серии,  $30400  2598592сом  ,https://im.mashina.kg/tachka/images//1/7/5/175c9b241230c6322e67a14b768bdd52_240x180.jpg
Kia Seltos,  $17000  1453160сом  ,https://im.mashina.kg/tachka/images//d/6/d/d6d24d9fe0a13ce0a9d4b4c63140cd8c_240x180.jpg
BMW X7,  $170000  15300000сом  ,https://im.mashina.kg/tachka/images//6/f/5/6f54fec2873022b69a7e85b1a507fd4d_240x180.jpg
Lexus ES,  $53000  4770000сом  ,https://im.mashina.kg/tachka/images//6/0/d/60d001e5ec8693d40d0602d43e0eebcb_240x180.jpg
Lexus LX,  $145000  13050000сом  ,https://im.mashina.kg/tachka/images//5/0/5/50583174b5aa5ba1beef0f8c43f864cb_240x180.jpg
Hyundai Grandeur,  $16999  1453075сом  ,https://im.mashina.kg/tachka/images//e/0/6/e066401f5c8afe33f17198877d6b1acb_240x180.jpg
Jetour X70 PLUS,  $19200  1641216сом  ,https://im.mashina.kg/tachka/images//b/0/4/b0414c033c4266bf18cd2d7199db8bfd_240x180.jpg
Jetour Dashing,  $19300  1649764сом  ,https://im.mashina.kg/tachka/images//0/f/5/0f572bf338aef21cfdb978b995462ada_240x180.jpg
Kia Seltos,   $ 11900    $ 10800   ,https://im.mashina.kg/tachka/images//c/3/7/c37b7f0cc09db2c1983618dd8e51fdde_240x180.jpg
Mercedes-Benz S-Класс,  $49000  4188520сом  ,https://im.mashina.kg/tachka/images//3/9/2/3922a548bab294e5679fe9c6f46ab9c9_240x180.jpg
Toyota Prius,  $16500  1410420сом  ,https://im.mashina.kg/tachka/images//3/9/4/3943d27ff71e77fc9e93f780cdabfe96_240x180.jpg
Chevrolet Equinox,  $18800  1607024сом  ,https://im.mashina.kg/tachka/images//6/4/0/640e78805194a12ee8f7832b7f0f5708_240x180.jpg
Toyota Camry,  $36400  3111472сом  ,https://im.mashina.kg/tachka/images//2/8/5/28585c78bb77b282b44f6dd144141441_240x180.jpg
Toyota Land Cruiser,  $36000  3077280сом  ,https://im.mashina.kg/tachka/images//0/7/3/073741cdee90fb19fecad4a94ffffb74_240x180.jpg
Land Rover Range Rover,  $95000  8120600сом  ,https://im.mashina.kg/tachka/images//5/d/2/5d2fe332317cef986d6c903edbd4c836_240x180.jpg
Toyota Camry,  $35000  2991800сом  ,https://im.mashina.kg/tachka/images//4/c/9/4c98b713fb290d3f4062fc28ef1303cb_240x180.jpg
Land Rover Range Rover,  $26000  2222480сом  ,https://im.mashina.kg/tachka/images//3/4/b/34b1e4bb1871e25a969c3b3e34fe8e4e_240x180.jpg
Land Rover Range Rover,  $18500  1581380сом  ,https://im.mashina.kg/tachka/images//4/f/8/4f8e774d4125fa02b60386e51be8d0fb_240x180.jpg
BMW X5,  $36800  3145664сом  ,https://im.mashina.kg/tachka/images//0/f/2/0f2d0e4b7f28137ad091189d0c6ee8d7_240x180.jpg
Hyundai Palisade,  $32000  2735360сом  ,https://im.mashina.kg/tachka/images//e/5/a/e5a71c1de7a326e695c2fa0225b03c69_240x180.jpg
Kia K5 III Седан,  $23500  2008780сом  ,https://im.mashina.kg/tachka/images//f/5/5/f558288d45339cf1eed0945fbcc76fcc_240x180.jpg
BMW 5 серии,  $49000  4188520сом  ,https://im.mashina.kg/tachka/images//9/9/1/991fb5b2e468a39519fd055e9b5fd606_240x180.jpg
SsangYong Rexton Sports,  $32900  2812292сом  ,https://im.mashina.kg/tachka/images//9/8/2/982d066a517dbd75b327293ba4ddb74d_240x180.jpg
Subaru Legacy,  $17700  1512996сом  ,https://im.mashina.kg/tachka/images//3/8/8/38845442639a6f26486c85be849cba4a_240x180.jpg
Mercedes-Benz E-Класс,  $19500  1666860сом  ,https://im.mashina.kg/tachka/images//e/0/1/e01ba5f7e9b8b45c18ca961a5ab8ddae_240x180.jpg
Mercedes-Benz GLE,  $71900  6146012сом  ,https://im.mashina.kg/tachka/images//2/2/1/2210317deae23918427bafe69a5c0588_240x180.jpg
Lexus GX,  $94500  8077860сом  ,https://im.mashina.kg/tachka/images//9/c/8/9c82a8907ad5d062562aaa0fdc66e063_240x180.jpg
BMW 7 серии,  $14500  1239460сом  ,https://im.mashina.kg/tachka/images//6/2/7/62783f165eb6b6c5ce8d43a7c3150aea_240x180.jpg
Jeep Grand Cherokee SRT8,  $33000  2820840сом  ,https://im.mashina.kg/tachka/images//4/e/2/4e23039aa0429e35c7deff7eda0c8816_240x180.jpg
BMW M5,  $111000  9488280сом  ,https://im.mashina.kg/tachka/images//c/f/b/cfb68e84ed6893ef436f0f8092c10ce8_240x180.jpg
BMW X5,  $35000  2991800сом  ,https://im.mashina.kg/tachka/images//1/9/5/1954f52e3db2dfcb2c5ad64b9eb3303e_240x180.jpg
Lexus IS,  $20900  1786532сом  ,https://im.mashina.kg/tachka/images//e/1/e/e1e84202809188b1d8e0ae6c49ebe41f_240x180.jpg
Toyota RAV4,  $18900  1615572сом  ,https://im.mashina.kg/tachka/images//a/8/2/a82a20ca41df2d82e7c4a5fbed324f2b_240x180.jpg
Toyota Land Cruiser,  $91245  7799623сом  ,https://im.mashina.kg/tachka/images//5/3/d/53d2242ef7f20e9bc60fdc72b2e03fc5_240x180.jpg
Lexus LX,  $44000  3761120сом  ,https://im.mashina.kg/tachka/images//4/4/9/44900f5b00f8b5c6b3a21422a45f38c9_240x180.jpg
Lexus RX,  $50000  4500000сом  ,https://im.mashina.kg/tachka/images//d/3/4/d34b1c7240dca6824fcbedb424bac03d_240x180.jpg
BMW X5,  $32500  2778100сом  ,https://im.mashina.kg/tachka/images//5/4/3/5436127ee859c28b9a45826a216236a3_240x180.jpg
BMW X5,  $52000  4444960сом  ,https://im.mashina.kg/tachka/images//0/6/c/06c7368d7ad8c88ce3144ef9b02fda09_240x180.jpg
Kia K5 II Седан,  $16800  1436064сом  ,https://im.mashina.kg/tachka/images//e/5/4/e54ed5a834bed54d901e1ab500292399_240x180.jpg
Mercedes-Benz C-Класс AMG,  $65000  5556200сом  ,https://im.mashina.kg/tachka/images//c/7/5/c75033014a4626e9b051361d39300819_240x180.jpg
Jetour Traveller,  $30000  2564400сом  ,https://im.mashina.kg/tachka/images//6/b/7/6b70f5622e3b661fe1ec05b3dda5e3cf_240x180.jpg
Ford Mustang,  $32000  2735360сом  ,https://im.mashina.kg/tachka/images//5/d/1/5d1a525b907f8f203993b515a1651f5f_240x180.jpg
Kia Carnival,  $33700  2880676сом  ,https://im.mashina.kg/tachka/images//e/3/1/e317d65dc402bddd50ec79d180ffff8a_240x180.jpg
Mercedes-Benz GL-Класс,  $19000  1624120сом  ,https://im.mashina.kg/tachka/images//4/d/e/4ded8eef2ea4ad4e1aed7e6e99bd924e_240x180.jpg
Lexus ES,  $32000  2735360сом  ,https://im.mashina.kg/tachka/images//a/0/a/a0a4090c0dc0197c5ad834fb953efe83_240x180.jpg
Lexus LX,  $85000  7265800сом  ,https://im.mashina.kg/tachka/images//9/0/f/90fd3c256b8c966975e950c93cb42d63_240x180.jpg
Wuling Xingchi,  $15000  1282200сом  ,https://im.mashina.kg/tachka/images//b/5/d/b5ddc0bf0a31b6b8272863177f13c78f_240x180.jpg
Toyota Land Cruiser,  $53000  4530440сом  ,https://im.mashina.kg/tachka/images//c/a/0/ca004042cc8b803d3472e1175be0f420_240x180.jpg
BMW 4 серии,  $24500  2094260сом  ,https://im.mashina.kg/tachka/images//3/4/9/3497b20333c1d7df8489496bc62e79c5_240x180.jpg
Kia Morning,  $8400  718032сом  ,https://im.mashina.kg/tachka/images//6/5/2/652af91d374c6187b45323fa02ea5a82_240x180.jpg
Land Rover Range Rover,  $110000  9402800сом  ,https://im.mashina.kg/tachka/images//c/4/b/c4b77884c9ca4489394b31c3c3693056_240x180.jpg
Land Rover Range Rover,  $88000  7522240сом  ,https://im.mashina.kg/tachka/images//7/8/7/787120435a8baa8a4b475d9a4c06b019_240x180.jpg
BMW 5 серии,  $9000  769320сом  ,https://im.mashina.kg/tachka/images//b/3/0/b30a10ac1efe14c66f8278858698d593_240x180.jpg
Lexus IS,  $17500  1495900сом  ,https://im.mashina.kg/tachka/images//7/f/7/7f784f009e7556fec3ad7b1590858a34_240x180.jpg
Renault Samsung SM6,  $12300  1051404сом  ,https://im.mashina.kg/tachka/images//4/7/6/476defa01acfd81e4d68bb5a35089f6a_240x180.jpg
Hyundai Grandeur,  $42000  3590160сом  ,https://im.mashina.kg/tachka/images//2/0/7/20713a11a3e5213fddb550eb2d2c53b0_240x180.jpg
Land Rover Range Rover Sport,  $65000  5556200сом  ,https://im.mashina.kg/tachka/images//0/c/d/0cdad9d3a5ea854db3b59ee3b0350940_240x180.jpg
Lexus ES,  $30000  2564400сом  ,https://im.mashina.kg/tachka/images//a/1/c/a1c226bb7fe2c14991a3c67ca4094ce7_240x180.jpg
Land Rover Range Rover Sport,  $38000  3248240сом  ,https://im.mashina.kg/tachka/images//7/2/0/7207db8d365522171480fbdb272fb6ce_240x180.jpg
Ford Maverick,  $7900  675292сом  ,https://im.mashina.kg/tachka/images//4/8/3/483db9cb0bc8753eafaa0339ef72c911_240x180.jpg
BMW 5 серии,  $23950  2047246сом  ,https://im.mashina.kg/tachka/images//4/2/3/423f7dd999e8675dffc8e7dbb2593d93_240x180.jpg
BMW X6 M,  $35000  2991800сом  ,https://im.mashina.kg/tachka/images//d/2/7/d278b36e3047d00727b344e528ea8aac_240x180.jpg
Dodge Challenger,  $75000  6411000сом  ,https://im.mashina.kg/tachka/images//0/1/8/0182b61e3f4d8a420339c7208e6de850_240x180.jpg
Ford F-150,  $78000  6667440сом  ,https://im.mashina.kg/tachka/images//b/7/f/b7fa1462e84432a7c84276adfacbc42c_240x180.jpg
Land Rover Range Rover,  $118000  10086640сом  ,https://im.mashina.kg/tachka/images//e/8/3/e83eb2e6ccaafc7a6ac9ad4c054a0f9e_240x180.jpg
Lexus LX,  $110000  9402800сом  ,https://im.mashina.kg/tachka/images//5/c/1/5c144bd2a136e91eb0fca770b95a0308_240x180.jpg
Kia Stinger,  $23500  2008780сом  ,https://im.mashina.kg/tachka/images//7/6/f/76fd3a9d4e5dd39b5617a240b6d78f88_240x180.jpg
